CODUSUARIO,PERIODO,CODCUENTA,CODCENTCOS,TABSUBCUEN,CODSUBCUEN,TABINCISO,CODINCISO,FECHCONTA,NROCONTA,NROPROVIS,LEYENDA,NROCHEQUE,NROCENTEMI,NROCOMPROB,DEBE,HABER,CODACTIVID,CODPRODUCT,NOMCUENTA,NOMSUBCUEN,NOMINCISO
800,202201,1080,1,IVA     ,2,        ,0,2022-01-01,4,4,HB FC 136872             ,          ,0,0,7504.07,0.00,0                             ,0                             ,IVA COMPRAS                   ,"IVA_10,5                      ",                              
800,202201,2050,1,2050    ,3451,        ,0,2022-01-01,4,4,HB FC 136872             ,          ,61,136872,0.00,78971.39,0                             ,0                             ,PROVEEDORES                   ,HOSPITAL BRITANICO            ,                              
800,202201,8520,1,8520    ,7,        ,0,2022-01-01,4,4,HB FC 136872             ,          ,0,0,71467.32,0.00,0                             ,0                             ,GASTOS OFICINA CAMPO          ,OTROS GASTOS                  ,                              
800,202201,2050,1,2050    ,2655,        ,0,2022-01-01,114,114,BOTIJA ENERO22           ,          ,0,0,0.00,14004.00,0                             ,0                             ,PROVEEDORES                   ,BOTIJA SA                     ,                              
800,202201,9010,1,9010    ,15,        ,0,2022-01-01,114,114,BOTIJA ENERO22           ,          ,0,0,9000.00,0.00,0                             ,0                             ,ESCRITORIO BUENOS AIRES       ,ALQUILER OFICINA710           ,                              
800,202201,9010,1,9010    ,15,        ,0,2022-01-01,114,114,BOTIJA ENERO22           ,          ,0,0,5004.00,0.00,0                             ,0                             ,ESCRITORIO BUENOS AIRES       ,ALQUILER OFICINA710           ,                              
800,202201,1080,1,IVA     ,5,        ,0,2022-01-03,3,3,QUARIN FC 146            ,          ,0,0,27755.05,0.00,0                             ,0                             ,IVA COMPRAS                   ,IVA_21                        ,                              
800,202201,2050,1,2050    ,1089,        ,0,2022-01-03,3,3,QUARIN FC 146            ,          ,5,146,0.00,189134.00,0                             ,0                             ,PROVEEDORES                   ,QUARIN Y CIA SRL              ,                              
800,202201,7010,1,7010    ,1,        ,0,2022-01-03,3,3,QUARIN FC 146 1950L GAS O,          ,0,0,161378.95,0.00,0                             ,0                             ,TRACTORES                     ,GAS OIL                       ,                              
800,202201,2050,1,2050    ,1089,        ,0,2022-01-03,19,19,QUARIN                   ,          ,0,0,189134.00,0.00,0                             ,0                             ,PROVEEDORES                   ,QUARIN Y CIA SRL              ,                              
800,202201,1020,1,1020    ,1,        ,0,2022-01-03,19,19,QUARIN                   ,          ,0,0,0.00,189134.00,0                             ,0                             ,BANCOS                        ,BANCO DE GALICIA              ,                              
800,202201,2050,1,2050    ,1031,        ,0,2022-01-03,20,20,POGGI                    ,          ,0,0,49053.40,0.00,0                             ,0                             ,PROVEEDORES                   ,JORGE A POGGI                 ,                              
800,202201,1020,1,1020    ,1,        ,0,2022-01-03,20,20,POGGI                    ,          ,0,0,0.00,49053.40,0                             ,0                             ,BANCOS                        ,BANCO DE GALICIA              ,                              
800,202201,1160,1,1160    ,42,        ,0,2022-01-03,21,21,MAIA ENERO               ,          ,0,0,53010.00,0.00,0                             ,0                             ,OTROS CREDITOS                ,JUAN CONV U$S                 ,                              
800,202201,1020,1,1020    ,1,        ,0,2022-01-03,21,21,MAIA ENERO               ,          ,0,0,0.00,53010.00,0                             ,0                             ,BANCOS                        ,BANCO DE GALICIA              ,                              
800,202201,2050,1,2050    ,2655,        ,0,2022-01-03,22,22,BOTIJA SA                ,          ,0,0,14004.00,0.00,0                             ,0                             ,PROVEEDORES                   ,BOTIJA SA                     ,                              
800,202201,1020,1,1020    ,1,        ,0,2022-01-03,22,22,BOTIJA SA                ,          ,0,0,0.00,14004.00,0                             ,0                             ,BANCOS                        ,BANCO DE GALICIA              ,                              
800,202201,1050,1,1050    ,104,        ,0,2022-01-03,23,23,SIGRA                    ,          ,0,0,649947.17,0.00,0                             ,0                             ,DEUDORES POR VENTAS CEREAL    ,SIGRA VILLEGAS SACI Y A       ,                              
800,202201,1020,1,1020    ,1,        ,0,2022-01-03,23,23,SIGRA                    ,          ,0,0,0.00,649947.17,0                             ,0                             ,BANCOS                        ,BANCO DE GALICIA              ,                              
800,202201,1030,1,1030    ,2,        ,0,2022-01-03,24,24,F FIMA                   ,          ,0,0,8000000.00,0.00,0                             ,0                             ,COLOCACIONES                  ,FIMA                          ,                              
800,202201,1020,1,1020    ,1,        ,0,2022-01-03,24,24,F FIMA                   ,          ,0,0,0.00,8000000.00,0                             ,0                             ,BANCOS                        ,BANCO DE GALICIA              ,                              
800,202201,1080,1,IVA     ,5,        ,0,2022-01-03,48,48,DE VEGA FC 66            ,          ,0,0,9971.77,0.00,0                             ,0                             ,IVA COMPRAS                   ,IVA_21                        ,                              
800,202201,2050,1,2050    ,3008,        ,0,2022-01-03,48,48,DE VEGA FC 66            ,          ,1,66,0.00,57456.40,0                             ,0                             ,PROVEEDORES                   ,DE VEGA MARISA                ,                              
800,202201,8080,1,8080    ,1,        ,0,2022-01-03,48,48,DE VEGA FC 66            ,          ,0,0,35087.94,0.00,0                             ,0                             ,OTROS GASTOS CASCO            ,ALIMENTACION CHALET           ,                              
800,202201,6405,1,        ,0,        ,0,2022-01-03,48,48,DE VEGA FC 66            ,          ,0,0,8264.00,0.00,0                             ,0                             ,MANUTENCION GANADERIA         ,                              ,                              
800,202201,7030,1,7030    ,4,        ,0,2022-01-03,48,48,DE VEGA FC 66            ,          ,0,0,4132.69,0.00,0                             ,0                             ,PERSONAL EMPRESA MAQUINARIA   ,MANUTENCION                   ,                              
800,202201,9020,1,9020    ,5,        ,0,2022-01-03,81,81,BG IBC                   ,          ,0,0,40.09,0.00,0                             ,0                             ,IMPUESTOS                     ,IMPUESTO AL CHEQUE GASTO      ,                              
800,202201,1020,1,1020    ,1,        ,0,2022-01-03,81,81,BG IBC                   ,          ,0,0,0.00,31.59,0                             ,0                             ,BANCOS                        ,BANCO DE GALICIA              ,                              
800,202201,1020,1,1020    ,1,        ,0,2022-01-03,81,81,BG IBC                   ,          ,0,0,0.00,8.50,0                             ,0                             ,BANCOS                        ,BANCO DE GALICIA              ,                              
800,202201,1020,1,1020    ,1,        ,0,2022-01-05,82,82,MAPFRE SEG PER           ,          ,0,0,0.00,1241.04,0                             ,0                             ,BANCOS                        ,BANCO DE GALICIA              ,                              
800,202201,1160,1,1160    ,17,        ,0,2022-01-05,82,82,MAPFRE SEG PER           ,          ,0,0,1241.04,0.00,0                             ,0                             ,OTROS CREDITOS                ,ELAINE OTROS                  ,                              
800,202201,2050,1,2050    ,1023,        ,0,2022-01-05,83,83,MAPFRE RETIRO            ,          ,0,0,2021.04,0.00,0                             ,0                             ,PROVEEDORES                   ,MAFRE ACONCAGUA CIA SEGUR     ,                              
800,202201,1020,1,1020    ,1,        ,0,2022-01-05,83,83,MAPFRE RETIRO            ,          ,0,0,0.00,2021.04,0                             ,0                             ,BANCOS                        ,BANCO DE GALICIA              ,                              
800,202201,2050,1,2050    ,1023,        ,0,2022-01-05,84,84,MAPFRE C1POL 10351585TY14,          ,0,0,6977.84,0.00,0                             ,0                             ,PROVEEDORES                   ,MAFRE ACONCAGUA CIA SEGUR     ,                              
800,202201,1020,1,1020    ,1,        ,0,2022-01-05,84,84,MAPFRE C1POL 10351585TY14,          ,0,0,0.00,6977.84,0                             ,0                             ,BANCOS                        ,BANCO DE GALICIA              ,                              
800,202201,2040,1,2040    ,1,        ,0,2022-01-06,18,18,C SOC DIC2021            ,          ,0,0,644001.09,0.00,0                             ,0                             ,DEUDAS SOCIALES               ,DGI 900                       ,                              
800,202201,1020,1,1020    ,1,        ,0,2022-01-06,18,18,C SOC DIC2021            ,          ,0,0,0.00,644001.09,0                             ,0                             ,BANCOS                        ,BANCO DE GALICIA              ,                              
800,202201,2050,1,2050    ,2065,        ,0,2022-01-06,85,85,BG ZURICH                ,          ,0,0,4245.86,0.00,0                             ,0                             ,PROVEEDORES                   ,ZURICH                        ,                              
800,202201,1020,1,1020    ,1,        ,0,2022-01-06,85,85,BG ZURICH                ,          ,0,0,0.00,4245.86,0                             ,0                             ,BANCOS                        ,BANCO DE GALICIA              ,                              
800,202201,2050,1,2050    ,2065,        ,0,2022-01-06,88,88,ZURICH POL5075745ETIOSC1 ,          ,0,0,7184.37,0.00,0                             ,0                             ,PROVEEDORES                   ,ZURICH                        ,                              
800,202201,1020,1,1020    ,1,        ,0,2022-01-06,88,88,ZURICH POL5075745ETIOSC1 ,          ,0,0,0.00,7184.37,0                             ,0                             ,BANCOS                        ,BANCO DE GALICIA              ,                              
800,202201,2050,1,2050    ,3462,        ,0,2022-01-07,26,26,SIEMSEN FC 137           ,          ,0,0,24177.00,0.00,0                             ,0                             ,PROVEEDORES                   ,SIEMSEN HERNAN                ,                              
800,202201,1020,1,1020    ,1,        ,0,2022-01-07,26,26,SIEMSEN FC 137           ,          ,0,0,0.00,24177.00,0                             ,0                             ,BANCOS                        ,BANCO DE GALICIA              ,                              
800,202201,2050,1,2050    ,3462,        ,0,2022-01-07,27,27,SIEMSEN FC 187           ,          ,0,0,0.00,24177.00,0                             ,0                             ,PROVEEDORES                   ,SIEMSEN HERNAN                ,                              
800,202201,2050,1,2050    ,3678,        ,0,2022-01-21,15,15,BOERO U MARTIN FC 34     ,          ,2,34,0.00,540870.00,0                             ,0                             ,PROVEEDORES                   ,BOERO MARTIN                  ,                              
800,202201,8050,1,8050    ,5,        ,0,2022-01-21,15,15,BOERO U MARTIN FC 34     ,          ,0,0,447000.00,0.00,0                             ,0                             ,MANTENIMIENTO BIENES USO      ,ALAMBRADOS Y TRANQUERAS       ,                              
800,202201,1080,1,IVA     ,5,        ,0,2022-01-21,45,45,E DIEGO FC 1661          ,          ,0,0,3028.77,0.00,0                             ,0                             ,IVA COMPRAS                   ,IVA_21                        ,                              
800,202201,2050,1,2050    ,3461,        ,0,2022-01-21,45,45,E DIEGO FC 1661          ,          ,3,1661,0.00,17451.48,0                             ,0                             ,PROVEEDORES                   ,EDGARDO DIEGO                 ,                              
800,202201,7020,1,7020    ,3,        ,0,2022-01-21,45,45,E DIEGO FC 1661          ,          ,0,0,14422.71,0.00,0                             ,0                             ,IMPLEMENTOS                   ,REPUESTOS Y REPARACIONES      ,                              
800,202201,2050,1,2050    ,2097,        ,0,2022-01-21,46,46,L ZABALA FC 26954        ,          ,3,26954,0.00,55665.48,0                             ,0                             ,PROVEEDORES                   ,LUIS JOSE ZABALA              ,                              
800,202201,1080,1,IVA     ,2,        ,0,2022-01-21,46,46,L ZABALA FC 26954        ,          ,0,0,5289.48,0.00,0                             ,0                             ,IVA COMPRAS                   ,"IVA_10,5                      ",                              
800,202201,8050,1,8050    ,4,        ,0,2022-01-21,46,46,L ZABALA FC 26954        ,          ,0,0,50376.00,0.00,0                             ,0                             ,MANTENIMIENTO BIENES USO      ,INSTALACION ELECTRICA         ,                              
800,202201,1080,1,IVA     ,5,        ,0,2022-01-24,10,10,SERVICOOPSA FC 3535      ,          ,0,0,525.00,0.00,0                             ,0                             ,IVA COMPRAS                   ,IVA_21                        ,                              
800,202201,2050,1,2050    ,2469,        ,0,2022-01-24,10,10,SERVICOOPSA FC 3535      ,          ,6,3535,0.00,3025.00,0                             ,0                             ,PROVEEDORES                   ,SERVI COOP SA                 ,                              
800,202201,9010,1,9010    ,16,        ,0,2022-01-24,10,10,SERVICOOPSA FC 3535      ,          ,0,0,2500.00,0.00,0                             ,0                             ,ESCRITORIO BUENOS AIRES       ,INTERNET                      ,                              
800,202201,1080,1,IVA     ,2,        ,0,2022-01-24,39,39,AS FC1241                ,          ,0,0,935.02,0.00,0                             ,0                             ,IVA COMPRAS                   ,"IVA_10,5                      ",                              
800,202201,2050,1,2050    ,1001,        ,0,2022-01-24,39,39,AS FC1241                ,          ,4,1241,0.00,14640.00,0                             ,0                             ,PROVEEDORES                   ,ADOLFO SCHROEDER              ,                              
800,202201,8090,1,8090    ,4,        ,0,2022-01-24,39,39,AS FC1241                ,          ,0,0,13704.98,0.00,0                             ,0                             ,OTROS GASTOS ESTANCIA         ,GAS                           ,                              
800,202201,1080,1,IVA     ,5,        ,0,2022-01-24,58,58,QUARIN FC 456            ,          ,0,0,3477.44,0.00,0                             ,0                             ,IVA COMPRAS                   ,IVA_21                        ,                              
800,202201,2050,1,2050    ,1089,        ,0,2022-01-24,58,58,QUARIN FC 456            ,          ,5,456,0.00,23014.90,0                             ,0                             ,PROVEEDORES                   ,QUARIN Y CIA SRL              ,                              
800,202201,7010,1,7010    ,2,        ,0,2022-01-24,58,58,QUARIN FC 456            ,          ,0,0,19537.46,0.00,0                             ,0                             ,TRACTORES                     ,LUBRICANTES                   ,                              
800,202201,1080,1,IVA     ,5,        ,0,2022-01-25,8,8,M RIOS FC 10478          ,          ,0,0,622.45,0.00,0                             ,0                             ,IVA COMPRAS                   ,IVA_21                        ,                              
800,202201,2050,1,2050    ,2521,        ,0,2022-01-25,8,8,M RIOS FC 10478          ,          ,2,10478,0.00,3586.50,0                             ,0                             ,PROVEEDORES                   ,MARCELO R RIOS                ,                              
800,202201,8050,1,8050    ,2,        ,0,2022-01-25,8,8,M RIOS FC 10478          ,          ,0,0,2964.05,0.00,0                             ,0                             ,MANTENIMIENTO BIENES USO      ,EDIFICIOS Y GALPONES          ,                              
800,202201,1060,1,1060    ,1,        ,0,2022-01-28,7,7,CRESPO LQ 2871           ,          ,21,2871,2689840.50,0.00,0                             ,0                             ,DEUDORES POR VENTAS HACIENDA  ,CRESPO Y RODRIGUEZ            ,                              
800,202201,6001,1,        ,0,        ,0,2022-01-28,7,7,CRESPO LQ 2871           ,          ,0,0,0.00,2501200.00,0                             ,0                             ,VTA HACIENDA INVERNADA        ,                              ,                              
800,202201,6007,1,        ,0,        ,0,2022-01-28,7,7,CRESPO LQ 2871           ,          ,0,0,50024.00,0.00,0                             ,0                             ,OTROS GASTOS VTA. INVERNADA   ,                              ,                              
800,202201,6002,1,6002    ,2,        ,0,2022-01-28,7,7,CRESPO LQ 2871           ,          ,0,0,15957.66,0.00,0                             ,0                             ,INGRESOS BRUTOS INVERNADA     ,PROVINCIA                     ,                              
800,202201,6002,1,6002    ,1,        ,0,2022-01-28,7,7,CRESPO LQ 2871           ,          ,0,0,2751.32,0.00,0                             ,0                             ,INGRESOS BRUTOS INVERNADA     ,CAPITAL                       ,                              
800,202201,2020,1,        ,0,        ,0,2022-01-28,52,52,ELVIO SDO ENERO22        ,          ,0,0,89714.00,0.00,0                             ,0                             ,SUELDOS Y JORNALES A PAGAR    ,                              ,                              
800,202201,1020,1,1020    ,1,        ,0,2022-01-28,52,52,ELVIO SDO ENERO22        ,          ,0,0,0.00,89714.00,0                             ,0                             ,BANCOS                        ,BANCO DE GALICIA              ,                              
800,202201,2020,1,        ,0,        ,0,2022-01-28,53,53,ENRRIQUE SDO ENERO22     ,          ,0,0,61488.00,0.00,0                             ,0                             ,SUELDOS Y JORNALES A PAGAR    ,                              ,                              
800,202201,1020,1,1020    ,1,        ,0,2022-01-28,53,53,ENRRIQUE SDO ENERO22     ,          ,0,0,0.00,61488.00,0                             ,0                             ,BANCOS                        ,BANCO DE GALICIA              ,                              
800,202201,2020,1,        ,0,        ,0,2022-01-28,54,54,EBP SDO ENERO22 /VAC     ,          ,0,0,195694.00,0.00,0                             ,0                             ,SUELDOS Y JORNALES A PAGAR    ,                              ,                              
800,202201,1020,1,1020    ,1,        ,0,2022-01-28,54,54,EBP SDO ENERO22 /VAC     ,          ,0,0,0.00,195694.00,0                             ,0                             ,BANCOS                        ,BANCO DE GALICIA              ,                              
800,202201,2020,1,        ,0,        ,0,2022-01-28,55,55,JAIME SDO ENERO22        ,          ,0,0,156337.00,0.00,0                             ,0                             ,SUELDOS Y JORNALES A PAGAR    ,                              ,                              
800,202201,1020,1,1020    ,1,        ,0,2022-01-28,55,55,JAIME SDO ENERO22        ,          ,0,0,0.00,156337.00,0                             ,0                             ,BANCOS                        ,BANCO DE GALICIA              ,                              
800,202201,2050,1,2050    ,2799,        ,0,2022-01-28,56,56,F HERBINSEC              ,          ,0,0,431334.71,0.00,0                             ,0                             ,PROVEEDORES                   ,FUMIGACIONES HERBINSEC SRL    ,                              
800,202201,1020,1,1020    ,1,        ,0,2022-01-28,56,56,F HERBINSEC              ,          ,0,0,0.00,431334.71,0                             ,0                             ,BANCOS                        ,BANCO DE GALICIA              ,                              
800,202201,2050,1,2050    ,1089,        ,0,2022-01-28,57,57,QUARIN                   ,          ,0,0,23014.00,0.00,0                             ,0                             ,PROVEEDORES                   ,QUARIN Y CIA SRL              ,                              
800,202201,1020,1,1020    ,1,        ,0,2022-01-28,57,57,QUARIN                   ,          ,0,0,0.00,23014.00,0                             ,0                             ,BANCOS                        ,BANCO DE GALICIA              ,                              
800,202201,2020,1,        ,0,        ,0,2022-01-28,60,60,LAZARO SDO ENERO22       ,          ,0,0,68632.00,0.00,0                             ,0                             ,SUELDOS Y JORNALES A PAGAR    ,                              ,                              
800,202201,1020,1,1020    ,1,        ,0,2022-01-28,60,60,LAZARO SDO ENERO22       ,          ,0,0,0.00,68632.00,0                             ,0                             ,BANCOS                        ,BANCO DE GALICIA              ,                              
800,202201,2020,1,        ,0,        ,0,2022-01-28,61,61,SERGIO RAM SDO ENERO22   ,          ,0,0,177396.00,0.00,0                             ,0                             ,SUELDOS Y JORNALES A PAGAR    ,                              ,                              
800,202201,1020,1,1020    ,1,        ,0,2022-01-28,61,61,SERGIO RAM SDO ENERO22   ,          ,0,0,0.00,177396.00,0                             ,0                             ,BANCOS                        ,BANCO DE GALICIA              ,                              
800,202201,1020,1,1020    ,1,        ,0,2022-01-28,62,62,HG SDO /RET              ,          ,0,0,0.00,180000.00,0                             ,0                             ,BANCOS                        ,BANCO DE GALICIA              ,                              
800,202201,2020,1,        ,0,        ,0,2022-01-28,62,62,HG SDO /RET              ,          ,0,0,150000.00,0.00,0                             ,0                             ,SUELDOS Y JORNALES A PAGAR    ,                              ,                              
800,202201,1020,1,1020    ,1,        ,0,2022-01-28,63,63,AGUSTIN ENERO22          ,          ,0,0,0.00,81597.00,0                             ,0                             ,BANCOS                        ,BANCO DE GALICIA              ,                              
800,202201,1020,1,1020    ,1,        ,0,2022-01-28,64,64,ESCOBAR SDO ENERO22      ,          ,0,0,0.00,67736.00,0                             ,0                             ,BANCOS                        ,BANCO DE GALICIA              ,                              
800,202201,2020,1,        ,0,        ,0,2022-01-28,64,64,ESCOBAR SDO ENERO22 VAC  ,          ,0,0,67736.00,0.00,0                             ,0                             ,SUELDOS Y JORNALES A PAGAR    ,                              ,                              
800,202201,6005,1,        ,0,        ,0,2022-01-28,99,99,BG SENASA                ,          ,0,0,4033.80,0.00,0                             ,0                             ,GUIAS INVERNADA               ,                              ,                              
800,202201,1020,1,1020    ,1,        ,0,2022-01-28,99,99,BG SENASA                ,          ,0,0,0.00,4033.80,0                             ,0                             ,BANCOS                        ,BANCO DE GALICIA              ,                              
800,202201,9020,1,9020    ,5,        ,0,2022-01-28,105,105,BPCIMP DEB               ,          ,0,0,1044.89,0.00,0                             ,0                             ,IMPUESTOS                     ,IMPUESTO AL CHEQUE GASTO      ,                              
800,202201,1020,1,1020    ,8,        ,0,2022-01-28,105,105,BPCIMP DEB               ,          ,0,0,0.00,1044.89,0                             ,0                             ,BANCOS                        ,BCO PCIA CUENCA               ,                              
800,202201,9120,1,        ,0,        ,0,2022-01-28,107,107,BPC GB                   ,          ,0,0,37.23,0.00,0                             ,0                             ,INTERESES PAGADOS             ,                              ,                              
800,202201,9110,1,        ,0,        ,0,2022-01-28,107,107,BPC GB                   ,          ,0,0,915.75,0.00,0                             ,0                             ,GASTOS BANCARIOS              ,                              ,                              
800,202201,1020,1,1020    ,8,        ,0,2022-01-28,107,107,BPC GB                   ,          ,0,0,0.00,1067.98,0                             ,0                             ,BANCOS                        ,BCO PCIA CUENCA               ,                              
800,202201,9110,1,        ,0,        ,0,2022-01-28,107,107,BPC GB PROCAMPO          ,          ,0,0,115.00,0.00,0                             ,0                             ,GASTOS BANCARIOS              ,                              ,                              
800,202201,9020,1,9020    ,5,        ,0,2022-01-28,112,112,BPCC IMP DEB/IIBB        ,          ,0,0,5.54,0.00,0                             ,0                             ,IMPUESTOS                     ,IMPUESTO AL CHEQUE GASTO      ,                              
800,202201,9020,1,9020    ,1,        ,0,2022-01-28,112,112,BPCC IMP DEB/IIBB        ,          ,0,0,9.15,0.00,0                             ,0                             ,IMPUESTOS                     ,INGRESOS BRUTOS               ,                              
800,202201,1020,1,1020    ,3,        ,0,2022-01-28,112,112,BPCC IMP DEB/IIBB        ,          ,0,0,0.00,14.69,0                             ,0                             ,BANCOS                        ,PROVINCIA BUENOS AIRES CC     ,                              
800,202201,1080,1,IVA     ,5,        ,0,2022-01-29,40,40,AS FC 1331               ,          ,0,0,698.22,0.00,0                             ,0                             ,IVA COMPRAS                   ,IVA_21                        ,                              
800,202201,2050,1,2050    ,1001,        ,0,2022-01-29,40,40,AS FC 1331               ,          ,4,1331,0.00,4800.00,0                             ,0                             ,PROVEEDORES                   ,ADOLFO SCHROEDER              ,                              
800,202201,8090,1,8090    ,6,        ,0,2022-01-29,40,40,AS FC 1331               ,          ,0,0,4101.78,0.00,0                             ,0                             ,OTROS GASTOS ESTANCIA         ,OTROS                         ,                              
800,202201,1080,1,IVA     ,5,        ,0,2022-01-29,41,41,AS FC 1335               ,          ,0,0,698.22,0.00,0                             ,0                             ,IVA COMPRAS                   ,IVA_21                        ,                              
800,202201,2050,1,2050    ,1001,        ,0,2022-01-29,41,41,AS FC 1335               ,          ,4,1335,0.00,4800.00,0                             ,0                             ,PROVEEDORES                   ,ADOLFO SCHROEDER              ,                              
800,202201,8090,1,8090    ,6,        ,0,2022-01-29,41,41,AS FC 1335               ,          ,0,0,4101.78,0.00,0                             ,0                             ,OTROS GASTOS ESTANCIA         ,OTROS                         ,                              
800,202201,2050,1,2050    ,3700,        ,0,2022-01-30,68,68,LUIS BOERO               ,          ,0,0,289366.00,0.00,0                             ,0                             ,PROVEEDORES                   ,BOERO LUIS JOSE               ,                              
800,202201,1020,1,1020    ,1,        ,0,2022-01-30,68,68,LUIS BOERO               ,529       ,0,397,0.00,289366.00,0                             ,0                             ,BANCOS                        ,BANCO DE GALICIA              ,                              
800,202201,2020,1,        ,0,        ,0,2022-01-30,109,109,SDOS ENERO22             ,          ,0,0,0.00,966997.00,0                             ,0                             ,SUELDOS Y JORNALES A PAGAR    ,                              ,                              
800,202201,2040,1,2040    ,6,        ,0,2022-01-30,109,109,SDOS ENERO22             ,          ,0,0,0.00,15418.32,0                             ,0                             ,DEUDAS SOCIALES               ,UATRE                         ,                              
800,202201,8510,1,8510    ,1,        ,0,2022-01-30,109,109,SDOS ENERO22             ,          ,0,0,150000.00,0.00,0                             ,0                             ,PERSONAL ADMINISTR. CAMPO     ,REMUNERACIONES                ,                              
800,202201,6401,1,        ,0,        ,0,2022-01-30,109,109,SDOS ENERO22             ,          ,0,0,353218.37,0.00,0                             ,0                             ,REMUNERACIONES GANADERIA      ,                              ,                              
800,202201,6402,1,        ,0,        ,0,2022-01-30,109,109,SDOS ENERO22             ,          ,0,0,154819.23,0.00,0                             ,0                             ,CARGAS SOCIALES GANADERIA     ,                              ,                              
800,202201,9005,1,9005    ,1,        ,0,2022-01-30,109,109,SDOS ENERO22             ,          ,0,0,219880.51,0.00,0                             ,0                             ,PERSONAL ADMINISTRACION BS AS ,REMUNERACION                  ,                              
800,202201,8010,1,8010    ,2,        ,0,2022-01-30,109,109,SDOS ENERO22             ,          ,0,0,36214.83,0.00,0                             ,0                             ,PERSONAL ESTRUCTURA CAMPO     ,CARGAS SOCIALES               ,                              
800,202201,6402,1,        ,0,        ,0,2022-01-30,109,109,SDOS ENERO22 JAIME       ,          ,0,0,76533.88,0.00,0                             ,0                             ,CARGAS SOCIALES GANADERIA     ,                              ,                              
800,202201,7030,1,7030    ,2,        ,0,2022-01-30,109,109,SDOS ENERO22             ,          ,0,0,47171.48,0.00,0                             ,0                             ,PERSONAL EMPRESA MAQUINARIA   ,CARGAS SOCIALES               ,                              
800,202201,2040,1,2040    ,1,        ,0,2022-01-30,109,109,SDOS ENERO22             ,          ,0,0,0.00,488654.92,0                             ,0                             ,DEUDAS SOCIALES               ,DGI 900                       ,                              
800,202201,9005,1,9005    ,2,        ,0,2022-01-30,109,109,SDOS ENERO22             ,          ,0,0,69873.66,0.00,0                             ,0                             ,PERSONAL ADMINISTRACION BS AS ,C SOCIALES                    ,                              
800,202201,9110,1,        ,0,        ,0,2022-01-30,113,113,BPCC GB                  ,          ,0,0,915.00,0.00,0                             ,0                             ,GASTOS BANCARIOS              ,                              ,                              
800,202201,1020,1,1020    ,3,        ,0,2022-01-30,113,113,BPCC GB                  ,          ,0,0,0.00,915.00,0                             ,0                             ,BANCOS                        ,PROVINCIA BUENOS AIRES CC     ,                              
800,202201,1080,1,IVA     ,2,        ,0,2022-01-31,37,37,A CORRAL FC 505          ,          ,0,0,3147.23,0.00,0                             ,0                             ,IVA COMPRAS                   ,"IVA_10,5                      ",                              
800,202201,2050,1,2050    ,2442,        ,0,2022-01-31,37,37,A CORRAL FC 505          ,          ,3,505,0.00,33120.83,0                             ,0                             ,PROVEEDORES                   ,ARTURO CORRAL                 ,                              
800,202201,6405,1,        ,0,        ,0,2022-01-31,37,37,A CORRAL FC 505          ,          ,0,0,6624.00,0.00,0                             ,0                             ,MANUTENCION GANADERIA         ,                              ,                              
800,202201,7030,1,7030    ,4,        ,0,2022-01-31,37,37,A CORRAL FC 505          ,          ,0,0,3312.00,0.00,0                             ,0                             ,PERSONAL EMPRESA MAQUINARIA   ,MANUTENCION                   ,                              
800,202201,8080,1,8080    ,1,        ,0,2022-01-31,37,37,A CORRAL FC 505          ,          ,0,0,20037.60,0.00,0                             ,0                             ,OTROS GASTOS CASCO            ,ALIMENTACION CHALET           ,                              
800,202201,2050,1,2050    ,1081,        ,0,2022-01-31,43,43,MEDIA LUNA FEBR22        ,          ,0,0,0.00,7622.00,0                             ,0                             ,PROVEEDORES                   ,MEDIA LUNA POLO CLUB          ,                              
800,202201,8520,1,8520    ,3,        ,0,2022-01-31,43,43,MEDIA LUNA FEBR22        ,          ,0,0,7622.00,0.00,0                             ,0                             ,GASTOS OFICINA CAMPO          ,SUSCRIPCIONES                 ,                              
800,202201,1080,1,IVA     ,5,        ,0,2022-01-31,44,44,E DIEGO FC 1695          ,          ,0,0,25357.52,0.00,0                             ,0                             ,IVA COMPRAS                   ,IVA_21                        ,                              
800,202201,2050,1,2050    ,3461,        ,0,2022-01-31,44,44,E DIEGO FC 1695          ,          ,3,1695,0.00,146107.62,0                             ,0                             ,PROVEEDORES                   ,EDGARDO DIEGO                 ,                              
800,202201,7020,1,7020    ,3,        ,0,2022-01-31,44,44,E DIEGO FC 1695          ,          ,0,0,120750.10,0.00,0                             ,0                             ,IMPLEMENTOS                   ,REPUESTOS Y REPARACIONES      ,                              
800,202201,2050,1,2050    ,1130,        ,0,2022-01-31,59,59,TOYOTA DEL PILAR ADEL    ,          ,0,0,50000.00,0.00,0                             ,0                             ,PROVEEDORES                   ,TOYOTA DEL PILAR AUTONORT     ,                              
800,202201,1020,1,1020    ,1,        ,0,2022-01-31,59,59,TOYOTA DEL PILAR ADEL    ,          ,0,0,0.00,50000.00,0                             ,0                             ,BANCOS                        ,BANCO DE GALICIA              ,                              
800,202201,2050,1,2050    ,2592,        ,0,2022-01-31,65,65,MACHINANDIARENA          ,          ,0,0,73326.00,0.00,0                             ,0                             ,PROVEEDORES                   ,JOSE MACHINANDIARENA          ,                              
800,202201,6401,1,        ,0,        ,0,2022-01-30,109,109,SDOS ENERO22 JAIME       ,          ,0,0,184707.57,0.00,0                             ,0                             ,REMUNERACIONES GANADERIA      ,                              ,                              
800,202201,7030,1,7030    ,1,        ,0,2022-01-30,109,109,SDOS ENERO22             ,          ,0,0,102584.17,0.00,0                             ,0                             ,PERSONAL EMPRESA MAQUINARIA   ,REMUNERACIONES                ,                              
800,202201,8010,1,8010    ,1,        ,0,2022-01-30,109,109,SDOS ENERO22             ,          ,0,0,76066.54,0.00,0                             ,0                             ,PERSONAL ESTRUCTURA CAMPO     ,REMUNERACIONES                ,                              
800,202201,1160,1,1160    ,20,        ,0,2022-01-28,62,62,HG SDO /RET              ,          ,0,0,30000.00,0.00,0                             ,0                             ,OTROS CREDITOS                ,RETIROS HORACIO GAVIÑA        ,                              
800,202201,8520,1,8520    ,5,        ,0,2022-01-28,63,63,AGUSTIN ENERO22          ,          ,0,0,81597.00,0.00,0                             ,0                             ,GASTOS OFICINA CAMPO          ,ASESORAMIENTO TECNICO         ,                              
800,202201,8050,1,8050    ,2,        ,0,2022-01-07,27,27,SIEMSEN FC 187           ,          ,0,0,24177.00,0.00,0                             ,0                             ,MANTENIMIENTO BIENES USO      ,EDIFICIOS Y GALPONES          ,                              
800,202201,2050,1,2050    ,2442,        ,0,2022-01-07,28,28,A CORRAL                 ,          ,0,0,18045.00,0.00,0                             ,0                             ,PROVEEDORES                   ,ARTURO CORRAL                 ,                              
800,202201,1020,1,1020    ,1,        ,0,2022-01-07,28,28,A CORRAL                 ,          ,0,0,0.00,18045.00,0                             ,0                             ,BANCOS                        ,BANCO DE GALICIA              ,                              
800,202201,2050,1,2050    ,1001,        ,0,2022-01-07,29,29,A SCHOEDER               ,          ,0,0,95130.00,0.00,0                             ,0                             ,PROVEEDORES                   ,ADOLFO SCHROEDER              ,                              
800,202201,1020,1,1020    ,1,        ,0,2022-01-07,29,29,A SCHOEDER               ,          ,0,0,0.00,95130.00,0                             ,0                             ,BANCOS                        ,BANCO DE GALICIA              ,                              
800,202201,2050,1,2050    ,3008,        ,0,2022-01-07,30,30,M DE VEGA                ,          ,0,0,42813.00,0.00,0                             ,0                             ,PROVEEDORES                   ,DE VEGA MARISA                ,                              
800,202201,1020,1,1020    ,1,        ,0,2022-01-07,30,30,M DE VEGA                ,          ,0,0,0.00,42813.00,0                             ,0                             ,BANCOS                        ,BANCO DE GALICIA              ,                              
800,202201,1080,1,IVA     ,2,        ,0,2022-01-07,74,74,H HEREÑU FC 5            ,          ,0,0,65940.00,0.00,0                             ,0                             ,IVA COMPRAS                   ,"IVA_10,5                      ",                              
800,202201,2050,1,2050    ,2425,        ,0,2022-01-07,74,74,H HEREÑU FC 5            ,          ,3,5,0.00,693940.00,0                             ,0                             ,PROVEEDORES                   ,HERNAN HEREÑU                 ,                              
800,202201,1080,1,IVA     ,5,        ,0,2022-01-25,42,42,AS FC 1249               ,          ,0,0,1396.44,0.00,0                             ,0                             ,IVA COMPRAS                   ,IVA_21                        ,                              
800,202201,2050,1,2050    ,1001,        ,0,2022-01-25,42,42,AS FC 1249               ,          ,4,1249,0.00,9600.00,0                             ,0                             ,PROVEEDORES                   ,ADOLFO SCHROEDER              ,                              
800,202201,8020,1,8020    ,8,        ,0,2022-01-25,42,42,AS FC 1249               ,          ,0,0,8203.56,0.00,0                             ,0                             ,CAMIONETA                     ,OTROS GASTOS                  ,                              
800,202201,8520,1,8520    ,2,        ,0,2022-01-25,71,71,INS SAN JOSE DON         ,          ,0,0,5000.00,0.00,0                             ,0                             ,GASTOS OFICINA CAMPO          ,DONACIONES                    ,                              
800,202201,1020,1,1020    ,5,        ,0,2022-01-25,71,71,INS SAN JOSE DON         ,931       ,0,304,0.00,5000.00,0                             ,0                             ,BANCOS                        ,BCO. PCIA. - DEL PASTEUR      ,                              
800,202201,1160,1,1160    ,8,        ,0,2022-01-25,72,72,VELAZQUES ESQUILADOR     ,          ,0,0,14250.00,0.00,0                             ,0                             ,OTROS CREDITOS                ,RETIRO SOCIOS VARIOS          ,                              
800,202201,1020,1,1020    ,5,        ,0,2022-01-25,72,72,VELAZQUES ESQUILADOR     ,929       ,0,302,0.00,14250.00,0                             ,0                             ,BANCOS                        ,BCO. PCIA. - DEL PASTEUR      ,                              
800,202201,5114,1,        ,0,        ,0,2022-01-07,74,74,H HEREÑU FC 5            ,          ,0,0,628000.00,0.00,0                             ,0                             ,APLICACION INSECTICIDAS       ,                              ,                              
800,202201,1080,1,IVA     ,5,        ,0,2022-01-09,14,14,MACHINANDIARENA FC 1606  ,          ,0,0,12726.00,0.00,0                             ,0                             ,IVA COMPRAS                   ,IVA_21                        ,                              
800,202201,1160,1,1160    ,8,        ,0,2022-01-25,73,73,CAJA HEREF BRUSCONI      ,          ,0,0,9200.00,0.00,0                             ,0                             ,OTROS CREDITOS                ,RETIRO SOCIOS VARIOS          ,                              
800,202201,1160,1,1160    ,8,        ,0,2022-01-25,73,73,CAJA HEREF BS HARINA     ,          ,0,0,5020.00,0.00,0                             ,0                             ,OTROS CREDITOS                ,RETIRO SOCIOS VARIOS          ,                              
800,202201,1020,1,1020    ,5,        ,0,2022-01-25,73,73,CAJA HEREF               ,930       ,0,303,0.00,14220.00,0                             ,0                             ,BANCOS                        ,BCO. PCIA. - DEL PASTEUR      ,                              
800,202201,2050,1,2050    ,2592,        ,0,2022-01-09,14,14,MACHINANDIARENA FC 1606  ,          ,2,1606,0.00,73326.00,0                             ,0                             ,PROVEEDORES                   ,JOSE MACHINANDIARENA          ,                              
800,202201,8020,1,8020    ,5,        ,0,2022-01-09,14,14,MACHINANDIARENA FC 1606  ,          ,0,0,21600.00,0.00,0                             ,0                             ,CAMIONETA                     ,CUBIERTAS                     ,                              
800,202201,7020,1,7020    ,3,        ,0,2022-01-09,14,14,MACHINANDIARENA FC 1606  ,          ,0,0,39000.00,0.00,0                             ,0                             ,IMPLEMENTOS                   ,REPUESTOS Y REPARACIONES      ,                              
800,202201,1080,1,IVA     ,2,        ,0,2022-01-10,2,2,A CORRAL FC 497          ,          ,0,0,1710.45,0.00,0                             ,0                             ,IVA COMPRAS                   ,"IVA_10,5                      ",                              
800,202201,2050,1,2050    ,2442,        ,0,2022-01-10,2,2,A CORRAL FC 497          ,          ,3,497,0.00,18000.45,0                             ,0                             ,PROVEEDORES                   ,ARTURO CORRAL                 ,                              
800,202201,6405,1,        ,0,        ,0,2022-01-10,2,2,A CORRAL FC 497          ,          ,0,0,3620.00,0.00,0                             ,0                             ,MANUTENCION GANADERIA         ,                              ,                              
800,202201,7030,1,7030    ,4,        ,0,2022-01-10,2,2,A CORRAL FC 497          ,          ,0,0,1350.00,0.00,0                             ,0                             ,PERSONAL EMPRESA MAQUINARIA   ,MANUTENCION                   ,                              
800,202201,8080,1,8080    ,1,        ,0,2022-01-10,2,2,A CORRAL FC 497          ,          ,0,0,11320.00,0.00,0                             ,0                             ,OTROS GASTOS CASCO            ,ALIMENTACION CHALET           ,                              
800,202201,1080,1,IVA     ,2,        ,0,2022-01-10,9,9,OSDE FC 150291           ,          ,0,0,5698.32,0.00,0                             ,0                             ,IVA COMPRAS                   ,"IVA_10,5                      ",                              
800,202201,2050,1,2050    ,2673,        ,0,2022-01-10,9,9,OSDE FC 150291           ,          ,80,150291,0.00,60510.70,0                             ,0                             ,PROVEEDORES                   ,OSDE                          ,                              
800,202201,9020,1,9020    ,1,        ,0,2022-01-10,9,9,OSDE FC 150291 PERCEP    ,          ,0,0,542.70,0.00,0                             ,0                             ,IMPUESTOS                     ,INGRESOS BRUTOS               ,                              
800,202201,9005,1,9005    ,3,        ,0,2022-01-10,9,9,OSDE FC 150291           ,          ,0,0,54269.68,0.00,0                             ,0                             ,PERSONAL ADMINISTRACION BS AS ,SEGURO                        ,                              
800,202201,1080,1,IVA     ,5,        ,0,2022-01-10,11,11,SERVICOOP FC 53426       ,          ,0,0,751.49,0.00,0                             ,0                             ,IVA COMPRAS                   ,IVA_21                        ,                              
800,202201,2050,1,2050    ,2469,        ,0,2022-01-10,11,11,SERVICOOP FC 53426       ,          ,4,53426,0.00,4330.00,0                             ,0                             ,PROVEEDORES                   ,SERVI COOP SA                 ,                              
800,202201,8520,1,8520    ,13,        ,0,2022-01-10,11,11,SERVICOOP FC 53426       ,          ,0,0,3578.51,0.00,0                             ,0                             ,GASTOS OFICINA CAMPO          ,INTERNET                      ,                              
800,202201,1080,1,IVA     ,5,        ,0,2022-01-10,12,12,SERVICOOPSA FC 52628     ,          ,0,0,751.49,0.00,0                             ,0                             ,IVA COMPRAS                   ,IVA_21                        ,                              
800,202201,2050,1,2050    ,2469,        ,0,2022-01-10,12,12,SERVICOOPSA FC 52628     ,          ,4,52628,0.00,4330.00,0                             ,0                             ,PROVEEDORES                   ,SERVI COOP SA                 ,                              
800,202201,8520,1,8520    ,13,        ,0,2022-01-10,12,12,SERVICOOPSA FC 52628     ,          ,0,0,3578.51,0.00,0                             ,0                             ,GASTOS OFICINA CAMPO          ,INTERNET                      ,                              
800,202201,1080,1,IVA     ,5,        ,0,2022-01-10,13,13,SERVICOOPSA FC 51748     ,          ,0,0,751.49,0.00,0                             ,0                             ,IVA COMPRAS                   ,IVA_21                        ,                              
800,202201,2050,1,2050    ,2469,        ,0,2022-01-10,13,13,SERVICOOPSA FC 51748     ,          ,4,51748,0.00,4330.00,0                             ,0                             ,PROVEEDORES                   ,SERVI COOP SA                 ,                              
800,202201,8520,1,8520    ,13,        ,0,2022-01-10,13,13,SERVICOOPSA FC 51748     ,          ,0,0,3578.51,0.00,0                             ,0                             ,GASTOS OFICINA CAMPO          ,INTERNET                      ,                              
800,202201,6005,1,        ,0,        ,0,2022-01-10,17,17,MUN DE CT GUIAS          ,          ,0,0,5504.00,0.00,0                             ,0                             ,GUIAS INVERNADA               ,                              ,                              
800,202201,1020,1,1020    ,1,        ,0,2022-01-10,17,17,MUN DE CT GUIAS          ,          ,0,0,0.00,5504.00,0                             ,0                             ,BANCOS                        ,BANCO DE GALICIA              ,                              
800,202201,1080,1,IVA     ,5,        ,0,2022-01-31,86,86,BG BG                    ,          ,0,0,1165.71,0.00,0                             ,0                             ,IVA COMPRAS                   ,IVA_21                        ,                              
800,202201,2050,1,2050    ,1039,        ,0,2022-01-31,86,86,BG BG                    ,          ,2022,1,0.00,6811.48,0                             ,0                             ,PROVEEDORES                   ,BANCO DE GALICIA Y BUENOS     ,                              
800,202201,1120,1,        ,0,        ,0,2022-01-31,86,86,BG BG                    ,          ,0,0,94.77,0.00,0                             ,0                             ,IVA PERCEPCION                ,                              ,                              
800,202201,9110,1,        ,0,        ,0,2022-01-31,86,86,BG BG                    ,          ,0,0,5551.00,0.00,0                             ,0                             ,GASTOS BANCARIOS              ,                              ,                              
800,202201,2050,1,2050    ,1039,        ,0,2022-01-31,87,87,BG GB                    ,          ,0,0,6811.48,0.00,0                             ,0                             ,PROVEEDORES                   ,BANCO DE GALICIA Y BUENOS     ,                              
800,202201,1020,1,1020    ,1,        ,0,2022-01-31,87,87,BG GB                    ,          ,0,0,0.00,6811.48,0                             ,0                             ,BANCOS                        ,BANCO DE GALICIA              ,                              
800,202201,9020,1,9020    ,5,        ,0,2022-01-31,100,100,BG IMP DEB               ,          ,0,0,36266.84,0.00,0                             ,0                             ,IMPUESTOS                     ,IMPUESTO AL CHEQUE GASTO      ,                              
800,202201,1020,1,1020    ,1,        ,0,2022-01-31,100,100,BG IMP DEB               ,          ,0,0,0.00,36266.84,0                             ,0                             ,BANCOS                        ,BANCO DE GALICIA              ,                              
800,202201,9020,1,9020    ,5,        ,0,2022-01-31,101,101,BG IMP CRED              ,          ,0,0,17710.18,0.00,0                             ,0                             ,IMPUESTOS                     ,IMPUESTO AL CHEQUE GASTO      ,                              
800,202201,1020,1,1020    ,1,        ,0,2022-01-31,101,101,BG IMP CRED              ,          ,0,0,0.00,17710.18,0                             ,0                             ,BANCOS                        ,BANCO DE GALICIA              ,                              
800,202201,9020,1,9020    ,5,        ,0,2022-01-31,103,103,BPP IMP DEB              ,          ,0,0,530.77,0.00,0                             ,0                             ,IMPUESTOS                     ,IMPUESTO AL CHEQUE GASTO      ,                              
800,202201,1020,1,1020    ,5,        ,0,2022-01-31,103,103,BPP IMP DEB              ,          ,0,0,0.00,530.77,0                             ,0                             ,BANCOS                        ,BCO. PCIA. - DEL PASTEUR      ,                              
800,202201,1020,1,1020    ,1,        ,0,2022-01-10,25,25,RESCATE FIMA             ,          ,0,0,2000000.00,0.00,0                             ,0                             ,BANCOS                        ,BANCO DE GALICIA              ,                              
800,202201,1030,1,1030    ,2,        ,0,2022-01-10,25,25,RESCATE FIMA             ,          ,0,0,0.00,2000000.00,0                             ,0                             ,COLOCACIONES                  ,FIMA                          ,                              
800,202201,2030,1,2030    ,1,        ,0,2022-01-10,31,31,AFIP GAN ANT 2           ,          ,0,0,396378.23,0.00,0                             ,0                             ,DEUDAS FISCALES               ,DGI                           ,                              
800,202201,1020,1,1020    ,1,        ,0,2022-01-10,31,31,AFIP GAN ANT 2           ,          ,0,0,0.00,396378.23,0                             ,0                             ,BANCOS                        ,BANCO DE GALICIA              ,                              
800,202201,1080,1,IVA     ,5,        ,0,2022-01-10,47,47,L ZABALA FC 26674        ,          ,0,0,3217.41,0.00,0                             ,0                             ,IVA COMPRAS                   ,IVA_21                        ,                              
800,202201,2050,1,2050    ,2097,        ,0,2022-01-10,47,47,L ZABALA FC 26674        ,          ,3,26674,0.00,18538.42,0                             ,0                             ,PROVEEDORES                   ,LUIS JOSE ZABALA              ,                              
800,202201,7020,1,7020    ,3,        ,0,2022-01-10,47,47,L ZABALA FC 26674        ,          ,0,0,15321.01,0.00,0                             ,0                             ,IMPLEMENTOS                   ,REPUESTOS Y REPARACIONES      ,                              
800,202201,1080,1,IVA     ,5,        ,0,2022-01-10,75,75,E DIEGO FC 1582          ,          ,0,0,871.76,0.00,0                             ,0                             ,IVA COMPRAS                   ,IVA_21                        ,                              
800,202201,2050,1,2050    ,3461,        ,0,2022-01-10,75,75,E DIEGO FC 1582          ,          ,3,1582,0.00,5023.00,0                             ,0                             ,PROVEEDORES                   ,EDGARDO DIEGO                 ,                              
800,202201,7020,1,7020    ,3,        ,0,2022-01-10,75,75,E DIEGO FC 1582          ,          ,0,0,4151.24,0.00,0                             ,0                             ,IMPLEMENTOS                   ,REPUESTOS Y REPARACIONES      ,                              
800,202201,1080,1,IVA     ,5,        ,0,2022-01-10,76,76,E DIEGO FC 1577          ,          ,0,0,899.41,0.00,0                             ,0                             ,IVA COMPRAS                   ,IVA_21                        ,                              
800,202201,2050,1,2050    ,3461,        ,0,2022-01-10,76,76,E DIEGO FC 1577          ,          ,3,1577,0.00,5182.32,0                             ,0                             ,PROVEEDORES                   ,EDGARDO DIEGO                 ,                              
800,202201,7020,1,7020    ,3,        ,0,2022-01-10,76,76,E DIEGO FC 1577          ,          ,0,0,4282.91,0.00,0                             ,0                             ,IMPLEMENTOS                   ,REPUESTOS Y REPARACIONES      ,                              
800,202201,1080,1,IVA     ,5,        ,0,2022-01-10,77,77,E DIEGO FC 1607          ,          ,0,0,6828.58,0.00,0                             ,0                             ,IVA COMPRAS                   ,IVA_21                        ,                              
800,202201,2050,1,2050    ,3461,        ,0,2022-01-10,77,77,E DIEGO FC 1607          ,          ,3,1607,0.00,39345.61,0                             ,0                             ,PROVEEDORES                   ,EDGARDO DIEGO                 ,                              
800,202201,7020,1,7020    ,3,        ,0,2022-01-10,77,77,E DIEGO FC 1607          ,          ,0,0,32517.03,0.00,0                             ,0                             ,IMPLEMENTOS                   ,REPUESTOS Y REPARACIONES      ,                              
800,202201,1080,1,IVA     ,5,        ,0,2022-01-10,78,78,E DIEGO FC 1511          ,          ,0,0,4913.80,0.00,0                             ,0                             ,IVA COMPRAS                   ,IVA_21                        ,                              
800,202201,2050,1,2050    ,3461,        ,0,2022-01-10,78,78,E DIEGO FC 1511          ,          ,3,1511,0.00,28312.87,0                             ,0                             ,PROVEEDORES                   ,EDGARDO DIEGO                 ,                              
800,202201,7020,1,7020    ,3,        ,0,2022-01-10,78,78,E DIEGO FC 1511          ,          ,0,0,23399.07,0.00,0                             ,0                             ,IMPLEMENTOS                   ,REPUESTOS Y REPARACIONES      ,                              
800,202201,1080,1,IVA     ,5,        ,0,2022-01-10,79,79,E DIEGO FC 1482          ,          ,0,0,3260.21,0.00,0                             ,0                             ,IVA COMPRAS                   ,IVA_21                        ,                              
800,202201,2050,1,2050    ,3461,        ,0,2022-01-10,79,79,E DIEGO FC 1482          ,          ,3,1482,0.00,18784.79,0                             ,0                             ,PROVEEDORES                   ,EDGARDO DIEGO                 ,                              
800,202201,7020,1,7020    ,3,        ,0,2022-01-10,79,79,E DIEGO FC 1482          ,          ,0,0,15524.58,0.00,0                             ,0                             ,IMPLEMENTOS                   ,REPUESTOS Y REPARACIONES      ,                              
800,202201,2010,1,2010    ,8,        ,0,2022-01-10,89,89,BG VISA B                ,          ,0,0,14394.75,0.00,0                             ,0                             ,OBLIGACIONES A PAGAR          ,VISA BUSSINES                 ,                              
800,202201,1020,1,1020    ,1,        ,0,2022-01-10,89,89,BG VISA B                ,          ,0,0,0.00,14394.75,0                             ,0                             ,BANCOS                        ,BANCO DE GALICIA              ,                              
800,202201,2010,1,2010    ,8,        ,0,2022-01-10,110,110,VISA BUSS RES 511640     ,          ,0,0,0.00,14394.75,0                             ,0                             ,OBLIGACIONES A PAGAR          ,VISA BUSSINES                 ,                              
800,202201,8520,1,8520    ,3,        ,0,2022-01-10,110,110,VISA BUSS RES 511640     ,          ,0,0,13914.94,0.00,0                             ,0                             ,GASTOS OFICINA CAMPO          ,SUSCRIPCIONES                 ,                              
800,202201,9020,1,9020    ,2,        ,0,2022-01-10,110,110,VISA BUSS RES 511640 SELL,          ,0,0,170.05,0.00,0                             ,0                             ,IMPUESTOS                     ,IMPUESTOS VARIOS              ,                              
800,202201,9110,1,        ,0,        ,0,2022-01-10,110,110,VISA BUSS RES 511640     ,          ,0,0,309.76,0.00,0                             ,0                             ,GASTOS BANCARIOS              ,                              ,                              
800,202201,1090,1,IVA     ,2,        ,0,2022-01-12,5,5,CRESPO LQ 2851           ,          ,0,0,0.00,39534.18,0                             ,0                             ,IVA VENTAS                    ,"IVA_10,5                      ",                              
800,202201,1060,1,1060    ,1,        ,0,2022-01-12,5,5,CRESPO LQ 2851           ,          ,21,2851,413176.36,0.00,0                             ,0                             ,DEUDORES POR VENTAS HACIENDA  ,CRESPO Y RODRIGUEZ            ,                              
800,202201,6007,1,        ,0,        ,0,2022-01-12,5,5,CRESPO LQ 2851           ,          ,0,0,7684.00,0.00,0                             ,0                             ,OTROS GASTOS VTA. INVERNADA   ,                              ,                              
800,202201,6001,1,        ,0,        ,0,2022-01-12,5,5,CRESPO LQ 2851 7 ME 2260K,          ,0,0,0.00,384200.00,0                             ,0                             ,VTA HACIENDA INVERNADA        ,                              ,                              
800,202201,6002,1,6002    ,1,        ,0,2022-01-12,5,5,CRESPO LQ 2851           ,          ,0,0,422.62,0.00,0                             ,0                             ,INGRESOS BRUTOS INVERNADA     ,CAPITAL                       ,                              
800,202201,6002,1,6002    ,2,        ,0,2022-01-12,5,5,CRESPO LQ 2851           ,          ,0,0,2451.20,0.00,0                             ,0                             ,INGRESOS BRUTOS INVERNADA     ,PROVINCIA                     ,                              
800,202201,1090,1,IVA     ,2,        ,0,2022-01-12,6,6,CRESPO LQ 2846           ,          ,0,0,0.00,247700.88,0                             ,0                             ,IVA VENTAS                    ,"IVA_10,5                      ",                              
800,202201,1060,1,1060    ,1,        ,0,2022-01-12,6,6,CRESPO LQ 2846           ,          ,21,2846,2588751.02,0.00,0                             ,0                             ,DEUDORES POR VENTAS HACIENDA  ,CRESPO Y RODRIGUEZ            ,                              
800,202201,6001,1,        ,0,        ,0,2022-01-12,6,6,CRESPO LQ 2846 29 TR/VC  ,          ,0,0,0.00,2407200.00,0                             ,0                             ,VTA HACIENDA INVERNADA        ,                              ,                              
800,202201,6002,1,6002    ,2,        ,0,2022-01-12,6,6,CRESPO LQ 2846           ,          ,0,0,15357.94,0.00,0                             ,0                             ,INGRESOS BRUTOS INVERNADA     ,PROVINCIA                     ,                              
800,202201,6007,1,        ,0,        ,0,2022-01-12,6,6,CRESPO LQ 2846           ,          ,0,0,48144.00,0.00,0                             ,0                             ,OTROS GASTOS VTA. INVERNADA   ,                              ,                              
800,202201,6002,1,6002    ,1,        ,0,2022-01-12,6,6,CRESPO LQ 2846           ,          ,0,0,2647.92,0.00,0                             ,0                             ,INGRESOS BRUTOS INVERNADA     ,CAPITAL                       ,                              
800,202201,6005,1,        ,0,        ,0,2022-01-12,90,90,BG SENASA                ,          ,0,0,4033.80,0.00,0                             ,0                             ,GUIAS INVERNADA               ,                              ,                              
800,202201,1020,1,1020    ,1,        ,0,2022-01-12,90,90,BG SENASA                ,          ,0,0,0.00,4033.80,0                             ,0                             ,BANCOS                        ,BANCO DE GALICIA              ,                              
800,202201,1020,1,1020    ,8,        ,0,2022-01-13,16,16,BPC                      ,          ,0,0,200000.00,0.00,0                             ,0                             ,BANCOS                        ,BCO PCIA CUENCA               ,                              
800,202201,1020,1,1020    ,1,        ,0,2022-01-13,16,16,BPC                      ,          ,0,0,0.00,200000.00,0                             ,0                             ,BANCOS                        ,BANCO DE GALICIA              ,                              
800,202201,2050,1,2050    ,1007,        ,0,2022-01-13,32,32,CECT                     ,          ,0,0,21972.30,0.00,0                             ,0                             ,PROVEEDORES                   ,COOP ELECTRICA DE C. TEJE     ,                              
800,202201,9110,1,        ,0,        ,0,2022-01-31,104,104,BPP GB                   ,          ,0,0,915.00,0.00,0                             ,0                             ,GASTOS BANCARIOS              ,                              ,                              
800,202201,1020,1,1020    ,5,        ,0,2022-01-31,104,104,BPP GB                   ,          ,0,0,0.00,915.00,0                             ,0                             ,BANCOS                        ,BCO. PCIA. - DEL PASTEUR      ,                              
800,202201,1020,1,1020    ,1,        ,0,2022-01-13,32,32,CECT                     ,          ,0,0,0.00,21972.30,0                             ,0                             ,BANCOS                        ,BANCO DE GALICIA              ,                              
800,202201,1020,1,1020    ,1,        ,0,2022-01-13,33,33,OSDE                     ,          ,0,0,0.00,54064.00,0                             ,0                             ,BANCOS                        ,BANCO DE GALICIA              ,                              
800,202201,1160,1,1160    ,42,        ,0,2022-01-13,33,33,OSDE                     ,          ,0,0,20692.00,0.00,0                             ,0                             ,OTROS CREDITOS                ,JUAN CONV U$S                 ,                              
800,202201,2050,1,2050    ,2673,        ,0,2022-01-13,33,33,OSDE                     ,          ,0,0,33372.00,0.00,0                             ,0                             ,PROVEEDORES                   ,OSDE                          ,                              
800,202201,2050,1,2050    ,2045,        ,0,2022-01-13,35,35,CTA                      ,          ,0,0,394.64,0.00,0                             ,0                             ,PROVEEDORES                   ,COOP ELECTRICA DE TRES AL     ,                              
800,202201,1020,1,1020    ,1,        ,0,2022-01-13,35,35,CTA                      ,          ,0,0,0.00,394.64,0                             ,0                             ,BANCOS                        ,BANCO DE GALICIA              ,                              
800,202201,1020,1,1020    ,1,        ,0,2022-01-13,36,36,R GARCIA                 ,          ,0,0,0.00,135253.80,0                             ,0                             ,BANCOS                        ,BANCO DE GALICIA              ,                              
800,202201,2050,1,2050    ,3454,        ,0,2022-01-13,36,36,R GARCIA                 ,          ,0,0,135253.80,0.00,0                             ,0                             ,PROVEEDORES                   ,GARCIA RAUL HORACIO           ,                              
800,202201,6005,1,        ,0,        ,0,2022-01-13,91,91,BG SENASA                ,          ,0,0,1185.00,0.00,0                             ,0                             ,GUIAS INVERNADA               ,                              ,                              
800,202201,1020,1,1020    ,1,        ,0,2022-01-13,91,91,BG SENASA                ,          ,0,0,0.00,1185.00,0                             ,0                             ,BANCOS                        ,BANCO DE GALICIA              ,                              
800,202201,2050,1,2050    ,2469,        ,0,2022-01-13,92,92,SERVICOOPSA              ,          ,0,0,4330.00,0.00,0                             ,0                             ,PROVEEDORES                   ,SERVI COOP SA                 ,                              
800,202201,1020,1,1020    ,1,        ,0,2022-01-13,92,92,SERVICOOPSA              ,          ,0,0,0.00,4330.00,0                             ,0                             ,BANCOS                        ,BANCO DE GALICIA              ,                              
800,202201,1160,1,1160    ,8,        ,0,2022-01-14,34,34,ELVIO RAMIREZ            ,          ,0,0,64070.73,0.00,0                             ,0                             ,OTROS CREDITOS                ,RETIRO SOCIOS VARIOS          ,                              
800,202201,1020,1,1020    ,1,        ,0,2022-01-14,34,34,ELVIO RAMIREZ            ,          ,0,0,0.00,64070.73,0                             ,0                             ,BANCOS                        ,BANCO DE GALICIA              ,                              
800,202201,2050,1,2050    ,3678,        ,0,2022-01-14,93,93,AFIP RETM BOERO          ,          ,0,0,6753.60,0.00,0                             ,0                             ,PROVEEDORES                   ,BOERO MARTIN                  ,                              
800,202201,1020,1,1020    ,1,        ,0,2022-01-14,93,93,AFIP RETM BOERO          ,          ,0,0,0.00,6753.60,0                             ,0                             ,BANCOS                        ,BANCO DE GALICIA              ,                              
800,202201,2050,1,2050    ,3678,        ,0,2022-01-14,111,111,BOERO M                  ,          ,0,0,3986.90,0.00,0                             ,0                             ,PROVEEDORES                   ,BOERO MARTIN                  ,                              
800,202201,1160,1,1160    ,20,        ,0,2022-01-14,111,111,BOERO M                  ,          ,0,0,0.00,3986.90,0                             ,0                             ,OTROS CREDITOS                ,RETIROS HORACIO GAVIÑA        ,                              
800,202201,6901,1,6901    ,1,        ,0,2022-01-15,1,1,AFSA VAC AFTOSA          ,          ,0,0,205988.00,0.00,0                             ,0                             ,SANIDAD GANADERIA             ,PRODUCTOS VETERINARIOS        ,                              
800,202201,1020,1,1020    ,1,        ,0,2022-01-15,1,1,AFSA VAC AFTOSA          ,0515      ,0,0,0.00,205988.00,0                             ,0                             ,BANCOS                        ,BANCO DE GALICIA              ,                              
800,202201,2030,1,2030    ,1,        ,0,2022-01-17,94,94,AFIP B PERS SOC          ,          ,0,0,77379.12,0.00,0                             ,0                             ,DEUDAS FISCALES               ,DGI                           ,                              
800,202201,1020,1,1020    ,1,        ,0,2022-01-17,94,94,AFIP B PERS SOC          ,          ,0,0,0.00,77379.12,0                             ,0                             ,BANCOS                        ,BANCO DE GALICIA              ,                              
800,202201,1115,1,        ,0,        ,0,2022-01-17,95,95,BG AFIP PLAN IVA C6/8    ,          ,0,0,249055.96,0.00,0                             ,0                             ,IVA PAGADO                    ,                              ,                              
800,202201,1020,1,1020    ,1,        ,0,2022-01-17,95,95,BG AFIP PLAN IVA C6/8    ,          ,0,0,0.00,249055.96,0                             ,0                             ,BANCOS                        ,BANCO DE GALICIA              ,                              
800,202201,2030,1,2030    ,1,        ,0,2022-01-17,96,96,AFIP IMP GAN             ,          ,0,0,531982.06,0.00,0                             ,0                             ,DEUDAS FISCALES               ,DGI                           ,                              
800,202201,1020,1,1020    ,5,        ,0,2022-01-31,65,65,MACHINANDIARENA          ,927       ,0,400,0.00,73326.00,0                             ,0                             ,BANCOS                        ,BCO. PCIA. - DEL PASTEUR      ,                              
800,202201,2050,1,2050    ,1127,        ,0,2022-01-31,66,66,A DEL RIO                ,          ,0,0,154516.97,0.00,0                             ,0                             ,PROVEEDORES                   ,LUIS B.DEL RIO                ,                              
800,202201,1020,1,1020    ,5,        ,0,2022-01-31,66,66,A DEL RIO                ,926       ,0,399,0.00,154516.97,0                             ,0                             ,BANCOS                        ,BCO. PCIA. - DEL PASTEUR      ,                              
800,202201,2050,1,2050    ,2097,        ,0,2022-01-31,67,67,L ZABALA                 ,          ,0,0,149470.43,0.00,0                             ,0                             ,PROVEEDORES                   ,LUIS JOSE ZABALA              ,                              
800,202201,1020,1,1020    ,1,        ,0,2022-01-31,67,67,L ZABALA                 ,530       ,0,398,0.00,149470.43,0                             ,0                             ,BANCOS                        ,BANCO DE GALICIA              ,                              
800,202201,2050,1,2050    ,2584,        ,0,2022-01-31,69,69,P PRIETO                 ,          ,0,0,285211.00,0.00,0                             ,0                             ,PROVEEDORES                   ,PABLO ANTONIO PRIETO          ,                              
800,202201,1020,1,1020    ,1,        ,0,2022-01-31,69,69,P PRIETO                 ,526       ,0,394,0.00,285211.00,0                             ,0                             ,BANCOS                        ,BANCO DE GALICIA              ,                              
800,202201,1020,1,1020    ,1,        ,0,2022-01-31,80,80,EDESUR/TELEF             ,          ,0,0,0.00,11548.59,0                             ,0                             ,BANCOS                        ,BANCO DE GALICIA              ,                              
800,202201,9010,1,9010    ,2,        ,0,2022-01-31,80,80,EDESUR/TELEF             ,          ,0,0,3359.71,0.00,0                             ,0                             ,ESCRITORIO BUENOS AIRES       ,LUZ                           ,                              
800,202201,2050,1,2050    ,1008,        ,0,2022-01-31,80,80,EDESUR/TELEF             ,          ,0,0,8188.88,0.00,0                             ,0                             ,PROVEEDORES                   ,TELEFONICA DE ARGENTINA S     ,                              
800,202201,1020,1,1020    ,1,        ,0,2022-01-17,96,96,AFIP IMP GAN             ,          ,0,0,0.00,531982.06,0                             ,0                             ,BANCOS                        ,BANCO DE GALICIA              ,                              
800,202201,2050,1,2050    ,2425,        ,0,2022-01-17,97,97,H HEREÑU                 ,          ,0,0,682723.40,0.00,0                             ,0                             ,PROVEEDORES                   ,HERNAN HEREÑU                 ,                              
800,202201,1020,1,1020    ,1,        ,0,2022-01-17,97,97,H HEREÑU                 ,          ,0,0,0.00,682723.40,0                             ,0                             ,BANCOS                        ,BANCO DE GALICIA              ,                              
800,202201,1020,1,1020    ,1,        ,0,2022-01-26,98,98,CRESPO                   ,          ,0,0,2951695.94,0.00,0                             ,0                             ,BANCOS                        ,BANCO DE GALICIA              ,                              
800,202201,1060,1,1060    ,1,        ,0,2022-01-26,98,98,CRESPO                   ,          ,0,0,0.00,2951695.94,0                             ,0                             ,DEUDORES POR VENTAS HACIENDA  ,CRESPO Y RODRIGUEZ            ,                              
800,202201,2030,1,2030    ,3,        ,0,2022-01-26,102,102,CRESPO RET GAN           ,          ,0,0,50231.44,0.00,0                             ,0                             ,DEUDAS FISCALES               ,RETENCION GANANCIAS           ,                              
800,202201,1060,1,1060    ,1,        ,0,2022-01-26,102,102,CRESPO RET GAN           ,          ,0,0,0.00,50231.44,0                             ,0                             ,DEUDORES POR VENTAS HACIENDA  ,CRESPO Y RODRIGUEZ            ,                              
800,202201,1090,1,IVA     ,2,        ,0,2022-01-28,7,7,CRESPO LQ 2871           ,          ,0,0,0.00,257373.48,0                             ,0                             ,IVA VENTAS                    ,"IVA_10,5                      ",                              
800,202201,2010,1,2010    ,7,        ,0,2022-01-17,106,106,BPC VISA                 ,          ,0,0,172966.60,0.00,0                             ,0                             ,OBLIGACIONES A PAGAR          ,VISA CORPORATIVA              ,                              
800,202201,1020,1,1020    ,8,        ,0,2022-01-17,106,106,BPC VISA                 ,          ,0,0,0.00,172966.60,0                             ,0                             ,BANCOS                        ,BCO PCIA CUENCA               ,                              
800,202201,2010,1,2010    ,7,        ,0,2022-01-17,108,108,VISA CORP VEC17/1/22     ,          ,0,0,0.00,172966.60,0                             ,0                             ,OBLIGACIONES A PAGAR          ,VISA CORPORATIVA              ,                              
800,202201,2050,1,2050    ,2443,        ,0,2022-01-17,108,108,VISA CORP VEC17/1/22     ,          ,0,0,5822.65,0.00,0                             ,0                             ,PROVEEDORES                   ,AMX ARGENTINA SA              ,                              
800,202201,2050,1,2050    ,3451,        ,0,2022-01-17,108,108,VISA CORP VEC17/1/22     ,          ,0,0,78971.39,0.00,0                             ,0                             ,PROVEEDORES                   ,HOSPITAL BRITANICO            ,                              
800,202201,1160,1,1160    ,20,        ,0,2022-01-17,108,108,VISA CORP VEC17/1/22     ,          ,0,0,78844.38,0.00,0                             ,0                             ,OTROS CREDITOS                ,RETIROS HORACIO GAVIÑA        ,                              
800,202201,1160,1,1160    ,8,        ,0,2022-01-17,108,108,VISA CORP VEC17/1/22     ,          ,0,0,9328.18,0.00,0                             ,0                             ,OTROS CREDITOS                ,RETIRO SOCIOS VARIOS          ,                              
800,202201,1160,1,1160    ,8,        ,0,2022-01-19,70,70,DURAN REP COCINA         ,          ,0,0,66000.00,0.00,0                             ,0                             ,OTROS CREDITOS                ,RETIRO SOCIOS VARIOS          ,                              
800,202201,1020,1,1020    ,1,        ,0,2022-01-19,70,70,DURAN REP COCINA         ,8286      ,0,393,0.00,66000.00,0                             ,0                             ,BANCOS                        ,BANCO DE GALICIA              ,                              
800,202201,1080,1,IVA     ,5,        ,0,2022-01-20,38,38,YOMEL FC 17075           ,          ,0,0,26709.74,0.00,0                             ,0                             ,IVA COMPRAS                   ,IVA_21                        ,                              
800,202201,2050,1,2050    ,1044,        ,0,2022-01-20,38,38,YOMEL FC 17075           ,          ,6,17075,0.00,153899.00,0                             ,0                             ,PROVEEDORES                   ,YOMEL S A                     ,                              
800,202201,7020,1,7020    ,3,        ,0,2022-01-20,38,38,YOMEL FC 17075           ,          ,0,0,127189.26,0.00,0                             ,0                             ,IMPLEMENTOS                   ,REPUESTOS Y REPARACIONES      ,                              
800,202201,1020,1,1020    ,5,        ,0,2022-01-20,49,49,BPP                      ,          ,0,0,50000.00,0.00,0                             ,0                             ,BANCOS                        ,BCO. PCIA. - DEL PASTEUR      ,                              
800,202201,1020,1,1020    ,1,        ,0,2022-01-20,49,49,BPP                      ,          ,0,0,0.00,50000.00,0                             ,0                             ,BANCOS                        ,BANCO DE GALICIA              ,                              
800,202201,1160,1,1160    ,42,        ,0,2022-01-20,50,50,JUAN                     ,          ,0,0,20000.00,0.00,0                             ,0                             ,OTROS CREDITOS                ,JUAN CONV U$S                 ,                              
800,202201,1020,1,1020    ,1,        ,0,2022-01-20,50,50,JUAN                     ,          ,0,0,0.00,20000.00,0                             ,0                             ,BANCOS                        ,BANCO DE GALICIA              ,                              
800,202201,2050,1,2050    ,3461,        ,0,2022-01-20,51,51,E DIEGO                  ,          ,0,0,96648.59,0.00,0                             ,0                             ,PROVEEDORES                   ,EDGARDO DIEGO                 ,                              
800,202201,1020,1,1020    ,1,        ,0,2022-01-20,51,51,E DIEGO                  ,          ,0,0,0.00,96648.59,0                             ,0                             ,BANCOS                        ,BANCO DE GALICIA              ,                              
800,202201,1080,1,IVA     ,5,        ,0,2022-01-21,15,15,BOERO U MARTIN FC 34     ,          ,0,0,93870.00,0.00,0                             ,0                             ,IVA COMPRAS                   ,IVA_21                        ,                              
